group,function,value,throughput_num,throughput_type,sample_measured_value,unit,iteration_count
bench_medium_complex_query,diesel_async,100,,,2057849.0,ns,6
bench_medium_complex_query,diesel_async,100,,,3057179.0,ns,12
bench_medium_complex_query,diesel_async,100,,,4270521.0,ns,18
bench_medium_complex_query,diesel_async,100,,,4820540.0,ns,24
bench_medium_complex_query,diesel_async,100,,,7190765.0,ns,30
bench_medium_complex_query,diesel_async,100,,,7302765.0,ns,36
bench_medium_complex_query,diesel_async,100,,,8643190.0,ns,42
bench_medium_complex_query,diesel_async,100,,,8930427.0,ns,48
bench_medium_complex_query,diesel_async,100,,,13283374.0,ns,54
bench_medium_complex_query,diesel_async,100,,,11841209.0,ns,60
bench_medium_complex_query,diesel_async,100,,,12254938.0,ns,66
bench_medium_complex_query,diesel_async,100,,,13419068.0,ns,72
bench_medium_complex_query,diesel_async,100,,,14943593.0,ns,78
bench_medium_complex_query,diesel_async,100,,,15039805.0,ns,84
bench_medium_complex_query,diesel_async,100,,,16171918.0,ns,90
bench_medium_complex_query,diesel_async,100,,,16937231.0,ns,96
bench_medium_complex_query,diesel_async,100,,,17838925.0,ns,102
bench_medium_complex_query,diesel_async,100,,,21552771.0,ns,108
bench_medium_complex_query,diesel_async,100,,,23211427.0,ns,114
bench_medium_complex_query,diesel_async,100,,,20280916.0,ns,120
bench_medium_complex_query,diesel_async,100,,,24037298.0,ns,126
bench_medium_complex_query,diesel_async,100,,,24015089.0,ns,132
bench_medium_complex_query,diesel_async,100,,,25287899.0,ns,138
bench_medium_complex_query,diesel_async,100,,,25170139.0,ns,144
bench_medium_complex_query,diesel_async,100,,,26346857.0,ns,150
bench_medium_complex_query,diesel_async,100,,,27002690.0,ns,156
bench_medium_complex_query,diesel_async,100,,,28064038.0,ns,162
bench_medium_complex_query,diesel_async,100,,,29535910.0,ns,168
bench_medium_complex_query,diesel_async,100,,,29753786.0,ns,174
bench_medium_complex_query,diesel_async,100,,,33396328.0,ns,180
bench_medium_complex_query,diesel_async,100,,,34235358.0,ns,186
bench_medium_complex_query,diesel_async,100,,,35888637.0,ns,192
bench_medium_complex_query,diesel_async,100,,,35622549.0,ns,198
bench_medium_complex_query,diesel_async,100,,,36329103.0,ns,204
bench_medium_complex_query,diesel_async,100,,,38145737.0,ns,210
bench_medium_complex_query,diesel_async,100,,,40309112.0,ns,216
bench_medium_complex_query,diesel_async,100,,,39116824.0,ns,222
bench_medium_complex_query,diesel_async,100,,,40041567.0,ns,228
bench_medium_complex_query,diesel_async,100,,,41311822.0,ns,234
bench_medium_complex_query,diesel_async,100,,,40898487.0,ns,240
bench_medium_complex_query,diesel_async,100,,,41640890.0,ns,246
bench_medium_complex_query,diesel_async,100,,,45632588.0,ns,252
bench_medium_complex_query,diesel_async,100,,,42429003.0,ns,258
bench_medium_complex_query,diesel_async,100,,,48281070.0,ns,264
bench_medium_complex_query,diesel_async,100,,,46695398.0,ns,270
bench_medium_complex_query,diesel_async,100,,,46507930.0,ns,276
bench_medium_complex_query,diesel_async,100,,,49225761.0,ns,282
bench_medium_complex_query,diesel_async,100,,,50035069.0,ns,288
bench_medium_complex_query,diesel_async,100,,,50169263.0,ns,294
bench_medium_complex_query,diesel_async,100,,,51136509.0,ns,300
bench_medium_complex_query,diesel_async,100,,,56276724.0,ns,306
bench_medium_complex_query,diesel_async,100,,,54314522.0,ns,312
bench_medium_complex_query,diesel_async,100,,,53831416.0,ns,318
bench_medium_complex_query,diesel_async,100,,,55382807.0,ns,324
bench_medium_complex_query,diesel_async,100,,,57854187.0,ns,330
bench_medium_complex_query,diesel_async,100,,,55849784.0,ns,336
bench_medium_complex_query,diesel_async,100,,,61639408.0,ns,342
bench_medium_complex_query,diesel_async,100,,,57081637.0,ns,348
bench_medium_complex_query,diesel_async,100,,,65445533.0,ns,354
bench_medium_complex_query,diesel_async,100,,,64230679.0,ns,360
bench_medium_complex_query,diesel_async,100,,,63337474.0,ns,366
bench_medium_complex_query,diesel_async,100,,,64161472.0,ns,372
bench_medium_complex_query,diesel_async,100,,,62391600.0,ns,378
bench_medium_complex_query,diesel_async,100,,,69225941.0,ns,384
bench_medium_complex_query,diesel_async,100,,,68949985.0,ns,390
bench_medium_complex_query,diesel_async,100,,,69289416.0,ns,396
bench_medium_complex_query,diesel_async,100,,,73334087.0,ns,402
bench_medium_complex_query,diesel_async,100,,,68283571.0,ns,408
bench_medium_complex_query,diesel_async,100,,,69489224.0,ns,414
bench_medium_complex_query,diesel_async,100,,,71047751.0,ns,420
bench_medium_complex_query,diesel_async,100,,,75151827.0,ns,426
bench_medium_complex_query,diesel_async,100,,,77735362.0,ns,432
bench_medium_complex_query,diesel_async,100,,,75695037.0,ns,438
bench_medium_complex_query,diesel_async,100,,,78248960.0,ns,444
bench_medium_complex_query,diesel_async,100,,,79772279.0,ns,450
bench_medium_complex_query,diesel_async,100,,,77381085.0,ns,456
bench_medium_complex_query,diesel_async,100,,,81852673.0,ns,462
bench_medium_complex_query,diesel_async,100,,,81371210.0,ns,468
bench_medium_complex_query,diesel_async,100,,,81837129.0,ns,474
bench_medium_complex_query,diesel_async,100,,,79419291.0,ns,480
bench_medium_complex_query,diesel_async,100,,,82070487.0,ns,486
bench_medium_complex_query,diesel_async,100,,,86313913.0,ns,492
bench_medium_complex_query,diesel_async,100,,,92444810.0,ns,498
bench_medium_complex_query,diesel_async,100,,,88765894.0,ns,504
bench_medium_complex_query,diesel_async,100,,,85063170.0,ns,510
bench_medium_complex_query,diesel_async,100,,,87240334.0,ns,516
bench_medium_complex_query,diesel_async,100,,,87481929.0,ns,522
bench_medium_complex_query,diesel_async,100,,,91089222.0,ns,528
bench_medium_complex_query,diesel_async,100,,,92169548.0,ns,534
bench_medium_complex_query,diesel_async,100,,,88940899.0,ns,540
bench_medium_complex_query,diesel_async,100,,,95036857.0,ns,546
bench_medium_complex_query,diesel_async,100,,,95192555.0,ns,552
bench_medium_complex_query,diesel_async,100,,,97123695.0,ns,558
bench_medium_complex_query,diesel_async,100,,,96930834.0,ns,564
bench_medium_complex_query,diesel_async,100,,,96739823.0,ns,570
bench_medium_complex_query,diesel_async,100,,,95960853.0,ns,576
bench_medium_complex_query,diesel_async,100,,,104325258.0,ns,582
bench_medium_complex_query,diesel_async,100,,,102343648.0,ns,588
bench_medium_complex_query,diesel_async,100,,,102187559.0,ns,594
bench_medium_complex_query,diesel_async,100,,,99607650.0,ns,600
